Name,Attendees,Date,Event type,Host,POAP admin link,Recording (Video)
Dream DAO Learning Together #24: “Futures Thinking”,,"April 26, 2022",Learning Together,Eddie Choo,https://app.poap.xyz/admin/events/dream-dao-learning-together-24-futures-thinking-2022,https://app.butter.us/recording/Dream-DAO-Learning-Together/d2437de4-3655-4210-b1f6-196e5a07ad1e
"SkywalkerZ batch #2 Jam ",,"April 23, 2022",Design Jam,George Pór,,
Community Working Group Call,,"May 1, 2022 7:00 AM (GMT+5:30) → 7:30 AM",,,,
Dream DAO Learning Together #23: “Conflict Resolution”,,"April 23, 2022",Learning Together,George Pór,https://app.poap.xyz/admin/events/dream-dao-learning-together-23-conflict-resolution-2022,"../../../Evergreen%20Documents%20976d2984e99f4146b4283457a2303a7c/Evergreen%20Documents%20Database%20db1ccc6322ae474dba4b59d6b687d080/Dream%20DAO%20Events%205eb4b870ef7643a4986aa5b6f0fdb3b8/513e4ca7-7f62-425f-a916-f5f0153af2e9.mp4, ../../../Evergreen%20Documents%20976d2984e99f4146b4283457a2303a7c/Evergreen%20Documents%20Database%20db1ccc6322ae474dba4b59d6b687d080/Dream%20DAO%20Events%205eb4b870ef7643a4986aa5b6f0fdb3b8/513e4ca7-7f62-425f-a916-f5f0153af2e9%201.mp4"
Dream DAO NFT Jam 🥁,,"April 17, 2022",Design Jam,Gary,,../../../Evergreen%20Documents%20976d2984e99f4146b4283457a2303a7c/Evergreen%20Documents%20Database%20db1ccc6322ae474dba4b59d6b687d080/Dream%20DAO%20Events%205eb4b870ef7643a4986aa5b6f0fdb3b8/video1905106824.mp4
Dream DAO Learning Together #22: “How Governments Can Use Web3”,,"April 19, 2022",Learning Together,Ariana Fowler,https://app.poap.xyz/admin/events/dream-dao-learning-together-22-how-governments-can-use-web3-2022,https://app.butter.us/recording/Dream-DAO-Learning-Together/a8f26129-696d-42d0-93cb-5728c36dda76
Dream DAO Cross-DAO Jam Session #1 🥁,,"April 13, 2022",Design Jam,Gary,,https://app.butter.us/recording/Dream-DAO-Group-Jam-/a60c3191-bf98-4c4b-8c58-40f5abb20d84
Explorers Program Meeting #3,,"April 11, 2022",,"Allison, Amanda, Gary",,
Dream DAO Learning Together #21: “GnomadiclifeDAO”,,"April 11, 2022",Learning Together,Daniel Aalfs,https://app.poap.xyz/admin/events/dream-dao-learning-together-21-gnomadiclifedao-2022,https://app.butter.us/recording/Dream-DAO-Learning-Together/90ca24d5-8471-499c-9be2-acc64c7470ed
Dream DAO Season 1 Retro 🔍,,"April 6, 2022",Season Retrospective,Gary,,https://app.butter.us/recording/Dream-DAO-Retro/98714400-a396-48bd-8c04-46f164d30e7b
Dream DAO Learning Together #20: “How To Create An NFT Without Writing Any Code”,,"April 9, 2022",Learning Together,Samina,https://app.poap.xyz/admin/events/dream-dao-learning-together-20-how-to-create-an-nft-without-writing-any-code-2022,https://app.butter.us/recording/Dream-DAO-Learning-Together/bf932b86-83f3-4ee6-9767-a36ac3d1c348
Dream DAO Learning Together #19: “How We Unite Humanity”,,"April 9, 2022",Learning Together,Elliot Bayev,https://app.poap.xyz/admin/events/dream-dao-learning-together-19-how-we-unite-humanity-2022,https://app.butter.us/recording/Dream-DAO-Learning-Together/f92561a2-4b7f-4958-bea0-122410adf909
Dream DAO Learning Together #18: “Anyone Can Be a Writer: How to Build a Web3 Career Around Words”,,"March 26, 2022",Learning Together,Samantha J Marin,https://app.poap.xyz/admin/events/dream-dao-learning-together-18-anyone-can-be-a-writer-how-to-build-a-web3-career-around-words-2022,
Blog Series Meetup #2,,"March 18, 2022",Design Jam,Tim,,"../../../Evergreen%20Documents%20976d2984e99f4146b4283457a2303a7c/Evergreen%20Documents%20Database%20db1ccc6322ae474dba4b59d6b687d080/Dream%20DAO%20Events%205eb4b870ef7643a4986aa5b6f0fdb3b8/video1354390122.mp4, ../../../Evergreen%20Documents%20976d2984e99f4146b4283457a2303a7c/Evergreen%20Documents%20Database%20db1ccc6322ae474dba4b59d6b687d080/Dream%20DAO%20Events%205eb4b870ef7643a4986aa5b6f0fdb3b8/video1354390122%201.mp4"
Blog Series Meetup #1,,"March 8, 2022",Design Jam,Tim,,
Dream DAO Learning Together #17: “Learning to Regen”,,"March 19, 2022",Learning Together,Gustavo Montes De Oca,https://app.poap.xyz/admin/events/dream-dao-learning-together-17-learning-to-regen-2022,https://app.butter.us/recording/Dream-DAO-Learning-Together/5a00c348-1bf1-4b48-81a3-8f007646f2fa
Dream DAO Learning Together #16: “People Are Everything | Reflecting on SXSW”,,"March 16, 2022",Learning Together,Gary + Shreya + special guests,https://app.poap.xyz/admin/events/dream-dao-learning-together-16-people-are-everything-reflecting-on-sxsw-2022,https://app.butter.us/recording/Dream-DAO-Learning-Together/5392bf62-e6f5-4b57-815a-4419b55061ff
DAO Learning WG Group Meeting #3,,"March 14, 2022",,Allison + Amanda,,../../../Evergreen%20Documents%20976d2984e99f4146b4283457a2303a7c/Evergreen%20Documents%20Database%20db1ccc6322ae474dba4b59d6b687d080/Dream%20DAO%20Events%205eb4b870ef7643a4986aa5b6f0fdb3b8/zoom_0.mp4
Dream DAO Learning Together #15: “DAO De Cyrus”,,"March 12, 2022",Learning Together,Cyrus of Eden,https://app.poap.xyz/admin/events/dream-dao-learning-together-15-dao-de-cyrus-2022,"../../../Evergreen%20Documents%20976d2984e99f4146b4283457a2303a7c/Evergreen%20Documents%20Database%20db1ccc6322ae474dba4b59d6b687d080/Dream%20DAO%20Events%205eb4b870ef7643a4986aa5b6f0fdb3b8/part_2.mp4, ../../../Evergreen%20Documents%20976d2984e99f4146b4283457a2303a7c/Evergreen%20Documents%20Database%20db1ccc6322ae474dba4b59d6b687d080/Dream%20DAO%20Events%205eb4b870ef7643a4986aa5b6f0fdb3b8/pt_1.mp4"
DAO Learning WG Meeting (Explorers Program Focused) #2,,"March 5, 2022",,"Gary, Amanda, Tim",,https://www.notion.so/8142587289704083a6a2cbf7de990648?pvs=21
Dream DAO Learning Together #14: “Solarpunk | A Visual Journey & How It’s Shaping Our World”,,"March 5, 2022",Learning Together,CoralTribeNFT,https://app.poap.xyz/admin/events/dream-dao-learning-together-14-2022,https://app.butter.us/recording/Dream-DAO-Learning-Together-03052022-01/ba90ecd0-f7e4-4ca0-8e10-2677a155ee2e
Dream DAO Learning Together #12: “ETHDenver & the Value of In-Person Convenings”,,"February 22, 2022",Learning Together,Gary + ETHDenver Attendees,https://app.poap.xyz/admin/events/dream-dao-learning-together-12-ethdenver-the-value-of-in-person-convenings-2022,../../../Evergreen%20Documents%20976d2984e99f4146b4283457a2303a7c/Evergreen%20Documents%20Database%20db1ccc6322ae474dba4b59d6b687d080/Dream%20DAO%20Events%205eb4b870ef7643a4986aa5b6f0fdb3b8/video1380075652.mp4
Dream DAO Learning Together #13: “How Memes Can Change the World”,,"February 26, 2022",Learning Together,Gary,https://app.poap.xyz/admin/events/dream-dao-learning-together-13-how-memes-can-change-the-world-2022,https://app.butter.us/recording/a79cd0d8-a6a2-43c1-9a0b-cf53c716753c/Dream-DAO-Learning-Together-02262022-01
Dream DAO Public Goods Discussion: Unleashing the Collaborative Spirit of Web3,,"February 23, 2022",One-off Events,Ale Borda (with Gitcoin),,
Governance WG Meeting #3,,"February 25, 2022",,"Tim ",,../../../Evergreen%20Documents%20976d2984e99f4146b4283457a2303a7c/Evergreen%20Documents%20Database%20db1ccc6322ae474dba4b59d6b687d080/Dream%20DAO%20Events%205eb4b870ef7643a4986aa5b6f0fdb3b8/video1475235633.mp4
Dream DAO Learning Together #11: “Decentralizing Our Way Out of the Failure Mode”,,"February 19, 2022",Learning Together,Gary + Anastasia,https://app.poap.xyz/admin/events/dream-dao-learning-together-11-decentralizing-our-way-out-of-the-failure-mode-2022,https://app.butter.us/recording/4d5c9047-2370-4a89-a225-fdb08378b85d
Governance WG Meeting #2,,"February 10, 2022",,Gary (Tim prepped the meeting),,../../../Evergreen%20Documents%20976d2984e99f4146b4283457a2303a7c/Evergreen%20Documents%20Database%20db1ccc6322ae474dba4b59d6b687d080/Dream%20DAO%20Events%205eb4b870ef7643a4986aa5b6f0fdb3b8/video1761992840.mp4
Dream DAO Learning Together #10: “How to Use Twitter Educationally”,,"February 15, 2022",Learning Together,Mattspalter + Tom S. + ProfessorStam,https://app.poap.xyz/admin/events/dream-dao-learning-together-10-how-to-use-twitter-educationally-2022,https://app.butter.us/recording/Dream-DAO-Learning-Together/f090f063-62a6-4420-834d-d8eaf4c05e88
Dream DAO Learning Together #9: “Web3 x Social Impact Fundamentals”,,"February 12, 2022",Learning Together,Safder Raza + Alejandra Borda + Madhav Goyal + Jae-Hee Bae,https://app.poap.xyz/admin/events/dream-dao-learning-together-9-web3-x-social-impact-fundamentals-2022,https://app.butter.us/recording/ec34ecda-479f-401c-bcd1-38ed122f2a16
"DAO Learning WG ",,"February 7, 2022",,Gary + Allison,,
Dream DAO “Learning Together” #8: Lessons from ConstitutionDAO,,"February 9, 2022",Learning Together,Graham Novak,https://app.poap.xyz/admin/events/dream-dao-learning-together-8-lessons-from-constitutiondao-2022,https://app.butter.us/recording/73848395-bca5-4562-96c3-30c7dcebf0fe
Dream DAO “Learning Together” #7 (w/ Special Guest Jonathan Hillis),,"February 5, 2022",Learning Together,Gary + Anastasia + Jonathan Hillis,https://app.poap.xyz/admin/events/dream-dao-learning-together-6-w-special-guest-jonathan-hillis-2022,https://app.butter.us/recording/3f64523b-a3c9-4020-8e71-9e9d5cfbc83c
Dream DAO “Learning Together” #6: The Future of Organizations,,"February 1, 2022",Learning Together,Carl Cervone,https://app.poap.xyz/admin/events/dream-dao-learning-together-6-the-future-of-organizations-2022,../../../Evergreen%20Documents%20976d2984e99f4146b4283457a2303a7c/Evergreen%20Documents%20Database%20db1ccc6322ae474dba4b59d6b687d080/Dream%20DAO%20Events%205eb4b870ef7643a4986aa5b6f0fdb3b8/video1087605778.mp4
[Fundraising WG] Kickoff Meeting,,"January 29, 2022",,Gary + Lars,,../../../Evergreen%20Documents%20976d2984e99f4146b4283457a2303a7c/Evergreen%20Documents%20Database%20db1ccc6322ae474dba4b59d6b687d080/Dream%20DAO%20Events%205eb4b870ef7643a4986aa5b6f0fdb3b8/video1606864257.mp4
[Explorers Program WG] Kickoff Meeting,,"January 29, 2022",,Gary + Amanda,,../../../Evergreen%20Documents%20976d2984e99f4146b4283457a2303a7c/Evergreen%20Documents%20Database%20db1ccc6322ae474dba4b59d6b687d080/Dream%20DAO%20Events%205eb4b870ef7643a4986aa5b6f0fdb3b8/video1574441787.mp4
[Governance WG] Kickoff Meeting,,"January 28, 2022",,Tim,,../../../Evergreen%20Documents%20976d2984e99f4146b4283457a2303a7c/Evergreen%20Documents%20Database%20db1ccc6322ae474dba4b59d6b687d080/Dream%20DAO%20Events%205eb4b870ef7643a4986aa5b6f0fdb3b8/video1559052729.mp4
"Dream DAO ""Learning Together"" #4: How Crypto Can Regenerate The World",,"January 27, 2022",Learning Together,Kevin Owocki,https://app.poap.xyz/admin/events/dream-dao-learning-together-4-how-crypto-can-regenerate-the-world-2022,../../../Evergreen%20Documents%20976d2984e99f4146b4283457a2303a7c/Evergreen%20Documents%20Database%20db1ccc6322ae474dba4b59d6b687d080/Dream%20DAO%20Events%205eb4b870ef7643a4986aa5b6f0fdb3b8/video1214946374.mp4
[Community WG] Kickoff Meeting (2/2),,"January 25, 2022",,Arman + Jae-Hee,,
[Social Media WG] Social Media Satellite Development - Meeting #1,,"January 28, 2022",,"Arath Velasco
Facilitators: Gary + Madison",X,../../../Evergreen%20Documents%20976d2984e99f4146b4283457a2303a7c/Evergreen%20Documents%20Database%20db1ccc6322ae474dba4b59d6b687d080/Dream%20DAO%20Events%205eb4b870ef7643a4986aa5b6f0fdb3b8/video1669043439.mp4
"Dream DAO ""Learning Together"" #5: All About Layer 2s",,"January 29, 2022",Learning Together,QZ,https://app.poap.xyz/admin/events/dream-dao-learning-together-5-all-about-layer-2s-2022,../../../Evergreen%20Documents%20976d2984e99f4146b4283457a2303a7c/Evergreen%20Documents%20Database%20db1ccc6322ae474dba4b59d6b687d080/Dream%20DAO%20Events%205eb4b870ef7643a4986aa5b6f0fdb3b8/GMT20220129-153641_Recording_1920x1080.mp4
[Curriculum WG] Kickoff Meeting,,"January 24, 2022",,Allison + Gary,,../../../Evergreen%20Documents%20976d2984e99f4146b4283457a2303a7c/Evergreen%20Documents%20Database%20db1ccc6322ae474dba4b59d6b687d080/Dream%20DAO%20Events%205eb4b870ef7643a4986aa5b6f0fdb3b8/video1843991603.mp4
"Dream DAO ""Learning Together"" #3",,"January 22, 2022",Learning Together,Ale + Gary,https://app.poap.xyz/admin/events/dream-dao-learning-together-3-2022,../../../Evergreen%20Documents%20976d2984e99f4146b4283457a2303a7c/Evergreen%20Documents%20Database%20db1ccc6322ae474dba4b59d6b687d080/Dream%20DAO%20Events%205eb4b870ef7643a4986aa5b6f0fdb3b8/zoom_0%201.mp4
"Dream DAO ""Learning Together"" #1",,"December 23, 2021",Learning Together,Gary + Chabu,https://app.poap.xyz/admin/events/dream-dao-learning-together-1-2021,../../../Evergreen%20Documents%20976d2984e99f4146b4283457a2303a7c/Evergreen%20Documents%20Database%20db1ccc6322ae474dba4b59d6b687d080/Dream%20DAO%20Events%205eb4b870ef7643a4986aa5b6f0fdb3b8/GMT20211223-153213_Recording_1280x720.mp4
Dream DAO Liftoff,,"January 8, 2022",One-off Events,"Gary, Madison helping note-take and record, need another recorder too",https://app.poap.xyz/admin/events/dream-dao-founding-voting-member-liftoff-attendance-2022,https://share.descript.com/view/CdaVsjNfrYY
Dream DAO Hot Pot Hangout,,"December 11, 2021",In-Person Social Event,Gary,https://app.poap.xyz/admin/events/dream-dao-hotpot-hangout-1-2022,
"Meet, Greet, + Set Up Your Wallets :)",,"December 27, 2021",One-off Training,QZ,https://app.poap.xyz/admin/events/dream-dao-learning-together-1-2021,../../../Evergreen%20Documents%20976d2984e99f4146b4283457a2303a7c/Evergreen%20Documents%20Database%20db1ccc6322ae474dba4b59d6b687d080/Dream%20DAO%20Events%205eb4b870ef7643a4986aa5b6f0fdb3b8/GMT20211227-170259_Recording_1920x1080.mp4
"Dream DAO ""Learning Together"" #2",,"January 12, 2022",Learning Together,Gary + Tim,https://app.poap.xyz/admin/events/dream-dao-learning-together-2-2022,../../../Evergreen%20Documents%20976d2984e99f4146b4283457a2303a7c/Evergreen%20Documents%20Database%20db1ccc6322ae474dba4b59d6b687d080/Dream%20DAO%20Events%205eb4b870ef7643a4986aa5b6f0fdb3b8/zoom_0%202.mp4
First Info Session (the Kickoff),,"November 10, 2021",,Gary,,../../../Evergreen%20Documents%20976d2984e99f4146b4283457a2303a7c/Evergreen%20Documents%20Database%20db1ccc6322ae474dba4b59d6b687d080/Dream%20DAO%20Events%205eb4b870ef7643a4986aa5b6f0fdb3b8/Dream_DAO_-_First_Info_Session.mp4
"Dream DAO Design Session #2: Voting and Membership ",,"November 27, 2021",Design Jam,Gary,,../../../Evergreen%20Documents%20976d2984e99f4146b4283457a2303a7c/Evergreen%20Documents%20Database%20db1ccc6322ae474dba4b59d6b687d080/Dream%20DAO%20Events%205eb4b870ef7643a4986aa5b6f0fdb3b8/GMT20211120-150440_Recording_1760x900.mp4
"Dream DAO Design Session #1: DAO Community Members ",,"October 27, 2021",Design Jam,Gary,,
Community Building Working Group Call,,"May 1, 2022 7:00 AM (GMT+5:30)",,Karl and Aishah,,
Dream DAO Learning Together #25: “Web0 to Web3 | Understanding the Evolution of the Internet”,,"May 5, 2022",Learning Together,David Cooperstein,https://app.poap.xyz/admin/events/dream-dao-learning-together-25-web0-to-web3-understanding-the-evolution-of-the-internet-2022,https://app.butter.us/recording/Dream-DAO-Learning-Together/61f92d36-9cbe-4da7-8456-4cc2aed47ede
Dream DAO Learning Together #26: “Scott Moore AMA”,,"May 12, 2022",Learning Together,Scott Moore (Ceresstation),https://app.poap.xyz/admin/events/dream-dao-learning-together-26-scott-moore-ama-2022,https://app.butter.us/recording/Dream-DAO-Learning-Together/e04123c9-e36a-40ed-a8e7-35ff25d292d3
Dream DAO Learning Together #27: “Imagining a New Climate Narrative”,,"May 21, 2022",Learning Together,Oliver Yehlik,https://app.poap.xyz/admin/events/dream-dao-learning-together-27-imagining-a-new-climate-narrative-2022,https://app.butter.us/recording/Dream-DAO-Learning-Together/beb9da68-23c0-40ac-a87e-76b838843e85
,,,,,,
DAO wide Community Building Design Jam,,"May 22, 2022",Design Jam,"@Arman/Karl :),@Gary Sheng",,
Dream DAO Learning Together #28: “Ethereum as Infinite Garden | Discovering Your ‘Why’”,,"May 28, 2022",Learning Together,Aya Miyaguchi,https://app.poap.xyz/admin/events/dream-dao-learning-together-28-ethereum-as-infinite-garden-discovering-your-why-2022,https://app.butter.us/recording/Dream-DAO-Learning-Together/5fa9787e-c623-47fa-b614-08cfabe24cd3
Dream DAO Learning Together #29: “Cohere”,,"June 4, 2022",Learning Together,Marcus,https://app.poap.xyz/admin/events/dream-dao-learning-together-29-cohere-2022,https://app.butter.us/recording/Dream-DAO-Learning-Together/74934771-3f1b-4a05-b480-7fabfe290a54
Dream DAO Learning Together #30: “Blockchain Regulation”,,"June 6, 2022",Learning Together,Michelle Neitz,https://app.poap.xyz/admin/events/dream-dao-learning-together-30-blockchain-regulation-2022,https://app.butter.us/recording/Dream-DAO-Learning-Together/4b273ae7-f2f4-4afb-88d1-2ddbb58baf30
Dream DAO Learning Together #32: “The Bounty for Basura”,,"June 16, 2022",Learning Together,,https://app.poap.xyz/admin/events/dream-dao-learning-together-32-the-bounty-for-basura-2022,../../../Evergreen%20Documents%20976d2984e99f4146b4283457a2303a7c/Evergreen%20Documents%20Database%20db1ccc6322ae474dba4b59d6b687d080/Dream%20DAO%20Events%205eb4b870ef7643a4986aa5b6f0fdb3b8/94d29681-f1e0-4da1-9a0b-54cef85f2d79.mp4
Dream DAO Learning Together #31: “Art and Web3”,,"June 14, 2022",Learning Together,Colton Orr,https://app.poap.xyz/admin/events/dream-dao-learning-together-31-art-and-web3-2022,https://app.butter.us/recording/Dream-DAO-Learning-Together/c1db1796-70de-4d92-b3f0-3486960342c6
Dream DAO Learning Together #33: “Navigating Your Career in Web3”,,"June 18, 2022",Learning Together,Kate Eldaly,https://app.poap.xyz/admin/events/dream-dao-learning-together-33-navigating-your-career-in-web3-2022,https://app.butter.us/recording/Dream-DAO-Learning-Together/460cf7e7-a859-4dc4-9d78-5999120cebfd
Dream DAO Learning Together #34: “Web3 and Financial Health”,,"June 22, 2022",Learning Together,Maia Monell (maia@modapartnersllc.com),https://app.poap.xyz/admin/events/dream-dao-learning-together-34-web3-and-financial-health-2022,https://app.butter.us/recording/Dream-DAO-Learning-Together/3da0d9cd-cf88-4a5b-8561-849e5c1759ea
"Dream DAO Learning Together #35: “A Solarpunk Future | Learnings From Cohousing and Cooperative Housing for DAOs” ",,"June 25, 2022",Learning Together,Clara Gromaches,https://app.poap.xyz/admin/events/dream-dao-learning-together-35-a-solarpunk-future-learnings-from-cohousing-and-cooperative-housing-for-daos-2022,https://app.butter.us/recording/Dream-DAO-Learning-Together/e45e08f6-05ae-49c7-933c-6f9e6682d50e
Dream DAO Learning Together #36: “Immanent Metaphysics”,,"July 2, 2022",Learning Together,Jared (kapslap.eth),https://app.poap.xyz/admin/events/dream-dao-learning-together-36-immanent-metaphysics-2022,https://drive.google.com/file/d/1X2H63aTWXdDAtn-ebbnglAqNbcnHxQXp/view?usp=sharing
Dream DAO Learning Together #37: “Wallets and ENS”,,"July 11, 2022",Learning Together,QZ + Jae-Hee,,https://app.butter.us/recording/Dream-DAO-Learning-Together/a78c2e66-f431-4af3-8001-96b512572610
navigating a caree,,,,,,
Dream DAO Learning Together #38: “ReFi | The Intersection of Climate & Crypto”,,"July 20, 2022",Learning Together,Helena Merk,https://app.poap.xyz/admin/events/dream-dao-learning-together-38-refi-the-intersection-of-climate-crypto-2022,
Dream DAO Learning Together #39: “Local Currencies”,,"July 21, 2022",Learning Together,Josephine Watson,https://app.poap.xyz/admin/events/dream-dao-learning-together-39-local-currencies-2022,
Dream DAO Learning Together #40: “DAO Champions”,,"July 28, 2022",Learning Together,Safder Raza + Champions,https://app.poap.xyz/admin/events/dream-dao-learning-together-40-dao-champions-2022,../../../Evergreen%20Documents%20976d2984e99f4146b4283457a2303a7c/Evergreen%20Documents%20Database%20db1ccc6322ae474dba4b59d6b687d080/Dream%20DAO%20Events%205eb4b870ef7643a4986aa5b6f0fdb3b8/dream-dao-learning-together-20220728-2201.mp4
SEASON #2 KICKOFF,,,,,,../../../Evergreen%20Documents%20976d2984e99f4146b4283457a2303a7c/Evergreen%20Documents%20Database%20db1ccc6322ae474dba4b59d6b687d080/Dream%20DAO%20Events%205eb4b870ef7643a4986aa5b6f0fdb3b8/dream-dao-kickoff-20220726-2037.webm
Dream DAO Learning Together #41: “Raiz Vertical Farms”,,"July 30, 2022",Learning Together,Dora,https://app.poap.xyz/admin/events/dream-dao-learning-together-41-raiz-vertical-farms-2022,
Dream DAO Learning Together #42: “Web3 x Social Impact Fundamentals”,,"August 9, 2022",Learning Together,Safder Raza + Builders,https://app.poap.xyz/admin/events/dream-dao-learning-together-42-web3-x-social-impact-fundamentals-2022,
Dream DAO Season 2 Builder Session,,"August 14, 2022",One-off Events,Prabhat,,https://drive.google.com/file/d/1RElE6_ug61efHAZRpbdPmWwB0qaBdM7S/view?usp=sharing
"Dream DAO Learning Together #43: “Impact, SDGs, & Web3”",,"August 16, 2022",Learning Together,Or Katzman,https://app.poap.xyz/admin/events/dream-dao-learning-together-43-impact-sdgs-web3-2022,../../../Evergreen%20Documents%20976d2984e99f4146b4283457a2303a7c/Evergreen%20Documents%20Database%20db1ccc6322ae474dba4b59d6b687d080/Dream%20DAO%20Events%205eb4b870ef7643a4986aa5b6f0fdb3b8/dream-dao-learning-together-20220817-0001.mp4
Dream DAO Learning Together #44: “Web3 in the Field”,,"August 24, 2022",Learning Together,Angelo Kalaw,https://app.poap.xyz/admin/events/dream-dao-learning-together-44-web3-in-the-field-2022,../../../Evergreen%20Documents%20976d2984e99f4146b4283457a2303a7c/Evergreen%20Documents%20Database%20db1ccc6322ae474dba4b59d6b687d080/Dream%20DAO%20Events%205eb4b870ef7643a4986aa5b6f0fdb3b8/dream-dao-learning-together-20220824-1200.mp4
Dream DAO Learning Together #45: “DeSci with Special Guests”,,"August 27, 2022",Learning Together,"PlantBoi | PLANTGANG, Sandra A",https://app.poap.xyz/admin/events/dream-dao-learning-together-45-desci-with-special-guests-2022,https://app.butter.us/recording/9cb80a0a-b208-4dc4-8637-2ceb6dd29405
"Dream DAO Learning Together #46: “Climate Narrative Through Art” ",,"August 29, 2022",Learning Together,Marco,https://app.poap.xyz/admin/events/dream-dao-learning-together-46-climate-narrative-through-art-2022,
Dream DAO Learning Together #47: “Blockchain and Token Evolution”,,"September 1, 2022",Learning Together,Branson Lee,https://app.poap.xyz/admin/events/dream-dao-learning-together-47-blockchain-and-token-evolution-2022,https://app.butter.us/recording/a8231a32-eb93-45fe-ac12-08455ac22f22
Dream DAO Learning Together #48: “RADAR”,,"September 4, 2022",Learning Together,Fancy,https://app.poap.xyz/admin/events/dream-dao-learning-together-48-radar-2022,https://app.butter.us/recording/5f77b966-07f9-46ce-8ae6-df98269d50d8
Dream DAO Learning Together #49: “LatAm”,,"September 13, 2022",Learning Together,Camila Rioja,https://app.poap.xyz/admin/events/dream-dao-learning-together-49-latam-2022,
Dream DAO Learning Together #50: “LatAm”,,"September 16, 2022",Learning Together,Camila Rioja,https://app.poap.xyz/admin/events/dream-dao-learning-together-50-latam-2022,../../../Evergreen%20Documents%20976d2984e99f4146b4283457a2303a7c/Evergreen%20Documents%20Database%20db1ccc6322ae474dba4b59d6b687d080/Dream%20DAO%20Events%205eb4b870ef7643a4986aa5b6f0fdb3b8/Recording_.mp4
Dream DAO Learning Together #51: “Payment Systems and Web3”,,"September 17, 2022",Learning Together,Verina Youssef,https://app.poap.xyz/admin/events/dream-dao-learning-together-51-payment-systems-and-web3-2022,https://app.butter.us/recording/764b2136-6a38-49be-a1ea-81ff5e99ac55
Dream DAO Learning Together #52: “NFT Ecosystem at Celo”,,"September 22, 2022",Learning Together,Mashiat Mutmainnah,https://app.poap.xyz/admin/events/dream-dao-learning-together-52-nft-ecosystem-at-celo-2022,https://app.butter.us/recording/1776a0d8-d6f2-4be4-b454-a8b3fff39e52
Dream DAO Learning Together #53: “Humanity Cash”,,"September 27, 2022",Learning Together,Fennie Wang,https://app.poap.xyz/admin/events/dream-dao-learning-together-53-humanity-cash-undefined,
" Dream DAO Learning Together #54: “Unearthing Common Ground”",,"October 1, 2022",Learning Together,Charlie Fisher,https://app.poap.xyz/admin/events/dream-dao-learning-together-54-unearthing-common-ground-undefined,https://app.butter.us/recording/c33ea8ca-f1b5-4e24-98c3-2821e3c3eec5
Dream DAO Learning Together #55: “The Decentralized Mind”,,"October 6, 2022",Learning Together,Jody Weiss,https://app.poap.xyz/admin/events/5bdream-dao5d-learning-together-23553a-the-decentralized-mind-2022,https://app.butter.us/recording/39cf2447-964b-444a-b875-eb1baabe4341
Dream DAO Learning Together #56: “Gitcoin”,,"October 25, 2022",Learning Together,Ben West,https://app.poap.xyz/admin/events/5bdream-dao5d-learning-together-23563a-gitcoin-2022,https://app.butter.us/recording/0a271568-6786-4424-b49f-adc10ce4a96a
Dream DAO Learning Together #57: “Web3 & Education”,,"October 18, 2022",Learning Together,Jomayra Herrera,https://app.poap.xyz/admin/events/5bdream-dao5d-learning-together-23573a-web3-26-education-2022,
Dream DAO Learning Together #58: “The DAO Landscape in 2022”,,"October 22, 2022",Learning Together,Carl + Julia,https://app.poap.xyz/admin/events/5bdream-dao5d-learning-together-23573a-the-dao-landscape-in-2022-2022,https://app.butter.us/recording/c5fdc851-1055-4973-87d6-7eb7a6cd0485
Dream DAO Learning Together #59: “VitaDAO”,,"October 29, 2022",Learning Together,Alex Dobrin,https://app.poap.xyz/admin/events/5bdream-dao5d-learning-together-23593a-vitadao-2022,https://app.butter.us/recording/9f11c0eb-579b-4492-9eae-407e53917289
Dream DAO Learning Together #60: “Regen Network”,,"November 2, 2022",Learning Together,Sarah Baxendell,https://app.poap.xyz/admin/events/5bdream-dao5d-learning-together-23603a-regen-network-2022,
Dream DAO Learning Together #61: “Devcon Discussion”,,"November 5, 2022",Learning Together,Dream DAO Builder Devcon Attendees,https://app.poap.xyz/admin/events/5bdream-dao5d-learning-together-23613a-devcon-discussion-2022,
Dream DAO Learning Together #62: “ReFi in Action”,,"November 19, 2022",Learning Together,Nirvaan Ranganathan,https://app.poap.xyz/admin/events/5bdream-dao5d-learning-together-23623a-refi-in-action-2022,https://app.butter.us/recording/7fca6fec-e1bd-462e-a00f-2f9a43728ee7
Dream DAO Learning Together #63: “Crypto Taxes”,,"December 8, 2022",Learning Together,Zac McClure,https://app.poap.xyz/admin/events/5bdream-dao5d-learning-together-23633a-crypto-taxes-2022,../../../Evergreen%20Documents%20976d2984e99f4146b4283457a2303a7c/Evergreen%20Documents%20Database%20db1ccc6322ae474dba4b59d6b687d080/Dream%20DAO%20Events%205eb4b870ef7643a4986aa5b6f0fdb3b8/dream-dao-learning-together2022-12-090059.mp4
Learning Together #64: “A Year of LTs”,,"December 13, 2022",Learning Together,Nate Van Cleve,,https://app.butter.us/recording/5b6f2655-c08b-4740-8af1-250c52773754
Learning Together #65: “All About Art and NFTs”,,"January 21, 2023",Learning Together,HRTGDESIGN.ETH#1527,https://app.poap.xyz/admin/events/5bdream-dao5d-learning-together-23653a-all-about-art-and-nfts-2023,https://app.butter.us/recording/81330a31-f373-4852-8a7f-d4b1a77f37fe
Learning Together #66: “Networking in Web3”,Madison Adams (../../../Evergreen%20Documents%20976d2984e99f4146b4283457a2303a7c/Evergreen%20Documents%20Database%20db1ccc6322ae474dba4b59d6b687d080/New%20Membership%20Database%20589902ab6b394aa2abb2588fb605bf45/Dream%20DAO%20Voting%20Member%20List%204f24600f5e2c4090a93e01c324cec328/Madison%20Adams%2066847541214e424eaa2f1407001ca128.md),"February 1, 2023",Learning Together,Madison,https://app.poap.xyz/admin/events/5bdream-dao5d-learning-together-23663a-networking-in-web3-2023,https://app.butter.us/recording/bc4bea0e-fc14-4ab6-be7b-591b21c60deb
"Dream DAO Learning Together #67: “Overcoming Impostor Syndrome, Embracing Curiosity, and Other Tools for Success”","Jon Ruth (../../../Evergreen%20Documents%20976d2984e99f4146b4283457a2303a7c/Evergreen%20Documents%20Database%20db1ccc6322ae474dba4b59d6b687d080/New%20Membership%20Database%20589902ab6b394aa2abb2588fb605bf45/Dream%20DAO%20Voting%20Member%20List%204f24600f5e2c4090a93e01c324cec328/Jon%20Ruth%2049aa5b91670d416f98dd4fc058fb13de.md), Valeria Zambrano (../../../Evergreen%20Documents%20976d2984e99f4146b4283457a2303a7c/Evergreen%20Documents%20Database%20db1ccc6322ae474dba4b59d6b687d080/New%20Membership%20Database%20589902ab6b394aa2abb2588fb605bf45/Dream%20DAO%20Voting%20Member%20List%204f24600f5e2c4090a93e01c324cec328/Valeria%20Zambrano%20881d86409e274c9f8856ac2bae843c65.md)","February 7, 2023",Learning Together,Jon,https://app.poap.xyz/admin/events/5bdream-dao5d-learning-together-23673a-overcoming-impostor-syndrome2c-embracing-curiosity2c-and-other-tools-for-success-2023,https://app.butter.us/recording/53c7b9ce-b139-4729-b292-de448c041c7d
https://www.notion.so/cucrew/Learning-Together-66-Networking-in-Web3-5719e4d66d5b4783b223c61bf323a7cc,,,,,,
Dream DAO Season 3 Kickoff Call,,"February 11, 2023",DAO Kickoff Call,Tim and Harry,,../../../Evergreen%20Documents%20976d2984e99f4146b4283457a2303a7c/Evergreen%20Documents%20Database%20db1ccc6322ae474dba4b59d6b687d080/Dream%20DAO%20Events%205eb4b870ef7643a4986aa5b6f0fdb3b8/dream-dao-kickoff2023-02-111300.webm
Learning Together Asynchronous Brainstorm,,,Learning Together,,,
Dream DAO Learning Together #68: “Solarpunk”,"Fernando Cruz (../../../Evergreen%20Documents%20976d2984e99f4146b4283457a2303a7c/Evergreen%20Documents%20Database%20db1ccc6322ae474dba4b59d6b687d080/New%20Membership%20Database%20589902ab6b394aa2abb2588fb605bf45/Dream%20DAO%20Voting%20Member%20List%204f24600f5e2c4090a93e01c324cec328/Fernando%20Cruz%2054e5f6ad195747768e88228cb11be378.md), Joshua Santiago Cruz Pérez (../../../Evergreen%20Documents%20976d2984e99f4146b4283457a2303a7c/Evergreen%20Documents%20Database%20db1ccc6322ae474dba4b59d6b687d080/New%20Membership%20Database%20589902ab6b394aa2abb2588fb605bf45/Dream%20DAO%20Voting%20Member%20List%204f24600f5e2c4090a93e01c324cec328/Joshua%20Santiago%20Cruz%20Pe%CC%81rez%20ad3e7ae4b7754c40b6426f78f129d454.md), Oliver Yehlik (../../../Evergreen%20Documents%20976d2984e99f4146b4283457a2303a7c/Evergreen%20Documents%20Database%20db1ccc6322ae474dba4b59d6b687d080/New%20Membership%20Database%20589902ab6b394aa2abb2588fb605bf45/Dream%20DAO%20Voting%20Member%20List%204f24600f5e2c4090a93e01c324cec328/Oliver%20Yehlik%20ba79559495794429bb5e8b57619199e8.md)","February 25, 2023",Learning Together,Oliver Yehlik,https://app.poap.xyz/admin/events/5bdream-dao5d-learning-together-23683a-solarpunk-2023,https://app.butter.us/recording/d47ada1a-ea76-4516-9ade-2ee331fe16d5
Dream DAO Learning Together #69: “ReFi with Beltran Berrocal”,"Rebeca Lissa  (../../../Evergreen%20Documents%20976d2984e99f4146b4283457a2303a7c/Evergreen%20Documents%20Database%20db1ccc6322ae474dba4b59d6b687d080/New%20Membership%20Database%20589902ab6b394aa2abb2588fb605bf45/Dream%20DAO%20Voting%20Member%20List%204f24600f5e2c4090a93e01c324cec328/Rebeca%20Lissa%20b23453bd7d01447ab570a34269660f4a.md), Charlotte Bruderly (../../../Evergreen%20Documents%20976d2984e99f4146b4283457a2303a7c/Evergreen%20Documents%20Database%20db1ccc6322ae474dba4b59d6b687d080/New%20Membership%20Database%20589902ab6b394aa2abb2588fb605bf45/Dream%20DAO%20Voting%20Member%20List%204f24600f5e2c4090a93e01c324cec328/Charlotte%20Bruderly%2023b7450e0419405fbd4aa524257d2dcf.md), Ibtehaj Esha (../../../Evergreen%20Documents%20976d2984e99f4146b4283457a2303a7c/Evergreen%20Documents%20Database%20db1ccc6322ae474dba4b59d6b687d080/New%20Membership%20Database%20589902ab6b394aa2abb2588fb605bf45/Dream%20DAO%20Voting%20Member%20List%204f24600f5e2c4090a93e01c324cec328/Ibtehaj%20Esha%20972ae4c0e2ec4829bf328fbd43d3a7a8.md), Madhav Goyal (../../../Evergreen%20Documents%20976d2984e99f4146b4283457a2303a7c/Evergreen%20Documents%20Database%20db1ccc6322ae474dba4b59d6b687d080/New%20Membership%20Database%20589902ab6b394aa2abb2588fb605bf45/Dream%20DAO%20Voting%20Member%20List%204f24600f5e2c4090a93e01c324cec328/Madhav%20Goyal%209dd2a6d695364f03aa5e3f2256c2f5f1.md), Joshua Santiago Cruz Pérez (../../../Evergreen%20Documents%20976d2984e99f4146b4283457a2303a7c/Evergreen%20Documents%20Database%20db1ccc6322ae474dba4b59d6b687d080/New%20Membership%20Database%20589902ab6b394aa2abb2588fb605bf45/Dream%20DAO%20Voting%20Member%20List%204f24600f5e2c4090a93e01c324cec328/Joshua%20Santiago%20Cruz%20Pe%CC%81rez%20ad3e7ae4b7754c40b6426f78f129d454.md), Jon Ruth (../../../Evergreen%20Documents%20976d2984e99f4146b4283457a2303a7c/Evergreen%20Documents%20Database%20db1ccc6322ae474dba4b59d6b687d080/New%20Membership%20Database%20589902ab6b394aa2abb2588fb605bf45/Dream%20DAO%20Voting%20Member%20List%204f24600f5e2c4090a93e01c324cec328/Jon%20Ruth%2049aa5b91670d416f98dd4fc058fb13de.md), Valeria Zambrano (../../../Evergreen%20Documents%20976d2984e99f4146b4283457a2303a7c/Evergreen%20Documents%20Database%20db1ccc6322ae474dba4b59d6b687d080/New%20Membership%20Database%20589902ab6b394aa2abb2588fb605bf45/Dream%20DAO%20Voting%20Member%20List%204f24600f5e2c4090a93e01c324cec328/Valeria%20Zambrano%20881d86409e274c9f8856ac2bae843c65.md), Fernando Cruz (../../../Evergreen%20Documents%20976d2984e99f4146b4283457a2303a7c/Evergreen%20Documents%20Database%20db1ccc6322ae474dba4b59d6b687d080/New%20Membership%20Database%20589902ab6b394aa2abb2588fb605bf45/Dream%20DAO%20Voting%20Member%20List%204f24600f5e2c4090a93e01c324cec328/Fernando%20Cruz%2054e5f6ad195747768e88228cb11be378.md)","March 11, 2023",Learning Together,Beltran Berrocal,https://app.poap.xyz/admin/events/5bdream-dao5d-learning-together-23693a-refi-with-beltran-berrocal-2023,https://app.butter.us/recording/a25dfc0d-a03b-44c3-b365-ef8709c7e594
Dream DAO Learning Together #70: “DAO: The New Political Economy”,"Joshua Santiago Cruz Pérez (../../../Evergreen%20Documents%20976d2984e99f4146b4283457a2303a7c/Evergreen%20Documents%20Database%20db1ccc6322ae474dba4b59d6b687d080/New%20Membership%20Database%20589902ab6b394aa2abb2588fb605bf45/Dream%20DAO%20Voting%20Member%20List%204f24600f5e2c4090a93e01c324cec328/Joshua%20Santiago%20Cruz%20Pe%CC%81rez%20ad3e7ae4b7754c40b6426f78f129d454.md), Fernando Cruz (../../../Evergreen%20Documents%20976d2984e99f4146b4283457a2303a7c/Evergreen%20Documents%20Database%20db1ccc6322ae474dba4b59d6b687d080/New%20Membership%20Database%20589902ab6b394aa2abb2588fb605bf45/Dream%20DAO%20Voting%20Member%20List%204f24600f5e2c4090a93e01c324cec328/Fernando%20Cruz%2054e5f6ad195747768e88228cb11be378.md)","March 22, 2023",Learning Together,Zane Huffman,https://app.poap.xyz/admin/events/5bdream-dao5d-learning-together-23703a-dao3a-the-new-political-economy-2023,https://app.butter.us/recording/f718b130-f31e-474b-b642-4e106cdfc07c
Dream DAO Learning Together #71: “Soulbound Tokens”,"Joshua Santiago Cruz Pérez (../../../Evergreen%20Documents%20976d2984e99f4146b4283457a2303a7c/Evergreen%20Documents%20Database%20db1ccc6322ae474dba4b59d6b687d080/New%20Membership%20Database%20589902ab6b394aa2abb2588fb605bf45/Dream%20DAO%20Voting%20Member%20List%204f24600f5e2c4090a93e01c324cec328/Joshua%20Santiago%20Cruz%20Pe%CC%81rez%20ad3e7ae4b7754c40b6426f78f129d454.md), Fernando Cruz (../../../Evergreen%20Documents%20976d2984e99f4146b4283457a2303a7c/Evergreen%20Documents%20Database%20db1ccc6322ae474dba4b59d6b687d080/New%20Membership%20Database%20589902ab6b394aa2abb2588fb605bf45/Dream%20DAO%20Voting%20Member%20List%204f24600f5e2c4090a93e01c324cec328/Fernando%20Cruz%2054e5f6ad195747768e88228cb11be378.md), Maria Jose Cruz  (../../../Evergreen%20Documents%20976d2984e99f4146b4283457a2303a7c/Evergreen%20Documents%20Database%20db1ccc6322ae474dba4b59d6b687d080/New%20Membership%20Database%20589902ab6b394aa2abb2588fb605bf45/Dream%20DAO%20Voting%20Member%20List%204f24600f5e2c4090a93e01c324cec328/Maria%20Jose%20Cruz%206f28742331604bd7b71a1554a29d300b.md), Mirna Emile Derbieh (../../../Evergreen%20Documents%20976d2984e99f4146b4283457a2303a7c/Evergreen%20Documents%20Database%20db1ccc6322ae474dba4b59d6b687d080/New%20Membership%20Database%20589902ab6b394aa2abb2588fb605bf45/Dream%20DAO%20Voting%20Member%20List%204f24600f5e2c4090a93e01c324cec328/Mirna%20Emile%20Derbieh%203343deeb94db4981b3816eff16b1bdf3.md), Keshav Gupta (../../../Evergreen%20Documents%20976d2984e99f4146b4283457a2303a7c/Evergreen%20Documents%20Database%20db1ccc6322ae474dba4b59d6b687d080/New%20Membership%20Database%20589902ab6b394aa2abb2588fb605bf45/Dream%20DAO%20Voting%20Member%20List%204f24600f5e2c4090a93e01c324cec328/Keshav%20Gupta%207b4ee94db41441d8acbe715a5d3f0f9e.md), Gabriela Zanolini Pisarewski Moisés (../../../Evergreen%20Documents%20976d2984e99f4146b4283457a2303a7c/Evergreen%20Documents%20Database%20db1ccc6322ae474dba4b59d6b687d080/New%20Membership%20Database%20589902ab6b394aa2abb2588fb605bf45/Dream%20DAO%20Voting%20Member%20List%204f24600f5e2c4090a93e01c324cec328/Gabriela%20Zanolini%20Pisarewski%20Moise%CC%81s%202a7660a5068c4fe8888bc51532630019.md), Ibtehaj Esha (../../../Evergreen%20Documents%20976d2984e99f4146b4283457a2303a7c/Evergreen%20Documents%20Database%20db1ccc6322ae474dba4b59d6b687d080/New%20Membership%20Database%20589902ab6b394aa2abb2588fb605bf45/Dream%20DAO%20Voting%20Member%20List%204f24600f5e2c4090a93e01c324cec328/Ibtehaj%20Esha%20972ae4c0e2ec4829bf328fbd43d3a7a8.md)","March 25, 2023",Learning Together,Nishant Bhaskar,https://app.poap.xyz/admin/events/5bdream-dao5d-learning-together-23713a-soulbound-tokens-2023,https://app.butter.us/recording/08a18141-2345-4f47-9362-ae2ca2b44fc4
Dream DAO Learning Together #72: “Improving DAOs”,"Joshua Santiago Cruz Pérez (../../../Evergreen%20Documents%20976d2984e99f4146b4283457a2303a7c/Evergreen%20Documents%20Database%20db1ccc6322ae474dba4b59d6b687d080/New%20Membership%20Database%20589902ab6b394aa2abb2588fb605bf45/Dream%20DAO%20Voting%20Member%20List%204f24600f5e2c4090a93e01c324cec328/Joshua%20Santiago%20Cruz%20Pe%CC%81rez%20ad3e7ae4b7754c40b6426f78f129d454.md), Charlotte Bruderly (../../../Evergreen%20Documents%20976d2984e99f4146b4283457a2303a7c/Evergreen%20Documents%20Database%20db1ccc6322ae474dba4b59d6b687d080/New%20Membership%20Database%20589902ab6b394aa2abb2588fb605bf45/Dream%20DAO%20Voting%20Member%20List%204f24600f5e2c4090a93e01c324cec328/Charlotte%20Bruderly%2023b7450e0419405fbd4aa524257d2dcf.md), Shaan Patel (../../../Evergreen%20Documents%20976d2984e99f4146b4283457a2303a7c/Evergreen%20Documents%20Database%20db1ccc6322ae474dba4b59d6b687d080/New%20Membership%20Database%20589902ab6b394aa2abb2588fb605bf45/Dream%20DAO%20Voting%20Member%20List%204f24600f5e2c4090a93e01c324cec328/Shaan%20Patel%203499e10e26d04d5fbf089d36f019db67.md), Ibtehaj Esha (../../../Evergreen%20Documents%20976d2984e99f4146b4283457a2303a7c/Evergreen%20Documents%20Database%20db1ccc6322ae474dba4b59d6b687d080/New%20Membership%20Database%20589902ab6b394aa2abb2588fb605bf45/Dream%20DAO%20Voting%20Member%20List%204f24600f5e2c4090a93e01c324cec328/Ibtehaj%20Esha%20972ae4c0e2ec4829bf328fbd43d3a7a8.md), Fernando Cruz (../../../Evergreen%20Documents%20976d2984e99f4146b4283457a2303a7c/Evergreen%20Documents%20Database%20db1ccc6322ae474dba4b59d6b687d080/New%20Membership%20Database%20589902ab6b394aa2abb2588fb605bf45/Dream%20DAO%20Voting%20Member%20List%204f24600f5e2c4090a93e01c324cec328/Fernando%20Cruz%2054e5f6ad195747768e88228cb11be378.md)","March 30, 2023",Learning Together,Discussion - No Speaker,https://app.poap.xyz/admin/events/5bdream-dao5d-learning-together-23723a-improving-daos-2023,https://app.butter.us/recording/afc7e7d3-2136-4b7d-bc7a-591963d90d89
Dream DAO Learning Together #73: “Wallets”,"Joshua Santiago Cruz Pérez (../../../Evergreen%20Documents%20976d2984e99f4146b4283457a2303a7c/Evergreen%20Documents%20Database%20db1ccc6322ae474dba4b59d6b687d080/New%20Membership%20Database%20589902ab6b394aa2abb2588fb605bf45/Dream%20DAO%20Voting%20Member%20List%204f24600f5e2c4090a93e01c324cec328/Joshua%20Santiago%20Cruz%20Pe%CC%81rez%20ad3e7ae4b7754c40b6426f78f129d454.md), Tyler Stambaugh (../../../Evergreen%20Documents%20976d2984e99f4146b4283457a2303a7c/Evergreen%20Documents%20Database%20db1ccc6322ae474dba4b59d6b687d080/New%20Membership%20Database%20589902ab6b394aa2abb2588fb605bf45/Dream%20DAO%20Voting%20Member%20List%204f24600f5e2c4090a93e01c324cec328/Tyler%20Stambaugh%20912b979834f5415fa5c878ccf3e7522c.md), Ibtehaj Esha (../../../Evergreen%20Documents%20976d2984e99f4146b4283457a2303a7c/Evergreen%20Documents%20Database%20db1ccc6322ae474dba4b59d6b687d080/New%20Membership%20Database%20589902ab6b394aa2abb2588fb605bf45/Dream%20DAO%20Voting%20Member%20List%204f24600f5e2c4090a93e01c324cec328/Ibtehaj%20Esha%20972ae4c0e2ec4829bf328fbd43d3a7a8.md), Shaan Patel (../../../Evergreen%20Documents%20976d2984e99f4146b4283457a2303a7c/Evergreen%20Documents%20Database%20db1ccc6322ae474dba4b59d6b687d080/New%20Membership%20Database%20589902ab6b394aa2abb2588fb605bf45/Dream%20DAO%20Voting%20Member%20List%204f24600f5e2c4090a93e01c324cec328/Shaan%20Patel%203499e10e26d04d5fbf089d36f019db67.md), Aayush Pursnani (../../../Evergreen%20Documents%20976d2984e99f4146b4283457a2303a7c/Evergreen%20Documents%20Database%20db1ccc6322ae474dba4b59d6b687d080/New%20Membership%20Database%20589902ab6b394aa2abb2588fb605bf45/Dream%20DAO%20Voting%20Member%20List%204f24600f5e2c4090a93e01c324cec328/Aayush%20Pursnani%20fc43ae7c3daa44dc9a6d3c478f970719.md), Aditya Dahiya (../../../Evergreen%20Documents%20976d2984e99f4146b4283457a2303a7c/Evergreen%20Documents%20Database%20db1ccc6322ae474dba4b59d6b687d080/New%20Membership%20Database%20589902ab6b394aa2abb2588fb605bf45/Dream%20DAO%20Voting%20Member%20List%204f24600f5e2c4090a93e01c324cec328/Aditya%20Dahiya%20f951dd2ede7044738e549415f43a2a4b.md), Luis Gustavo Heredia Vasquez (../../../Evergreen%20Documents%20976d2984e99f4146b4283457a2303a7c/Evergreen%20Documents%20Database%20db1ccc6322ae474dba4b59d6b687d080/New%20Membership%20Database%20589902ab6b394aa2abb2588fb605bf45/Dream%20DAO%20Voting%20Member%20List%204f24600f5e2c4090a93e01c324cec328/Luis%20Gustavo%20Heredia%20Vasquez%20d65e327c7a984388a11d18e99e0d2230.md), Clara Brown (../../../Evergreen%20Documents%20976d2984e99f4146b4283457a2303a7c/Evergreen%20Documents%20Database%20db1ccc6322ae474dba4b59d6b687d080/New%20Membership%20Database%20589902ab6b394aa2abb2588fb605bf45/Dream%20DAO%20Voting%20Member%20List%204f24600f5e2c4090a93e01c324cec328/Clara%20Brown%206fe286238a6f4ec795a2fa498656a31a.md), Tarun Gupta (../../../Evergreen%20Documents%20976d2984e99f4146b4283457a2303a7c/Evergreen%20Documents%20Database%20db1ccc6322ae474dba4b59d6b687d080/New%20Membership%20Database%20589902ab6b394aa2abb2588fb605bf45/Dream%20DAO%20Voting%20Member%20List%204f24600f5e2c4090a93e01c324cec328/Tarun%20Gupta%207c30b0d905b04a6094f2b8aa61864f9c.md), Ankit Kumar (../../../Evergreen%20Documents%20976d2984e99f4146b4283457a2303a7c/Evergreen%20Documents%20Database%20db1ccc6322ae474dba4b59d6b687d080/New%20Membership%20Database%20589902ab6b394aa2abb2588fb605bf45/Dream%20DAO%20Voting%20Member%20List%204f24600f5e2c4090a93e01c324cec328/Ankit%20Kumar%20858d37d53ee0485a8c5c1ee827e0ea8e.md)","April 11, 2023",Learning Together,Epistetechnician and Prof,https://app.poap.xyz/admin/events/5bdream-dao5d-learning-together-23733a-wallets-2023,https://app.butter.us/recording/af703dbc-50c5-44c2-827d-71a144a14a37
Dream DAO Learning Together #74: “Impact and Regenerative Finance”,"Ibtehaj Esha (../../../Evergreen%20Documents%20976d2984e99f4146b4283457a2303a7c/Evergreen%20Documents%20Database%20db1ccc6322ae474dba4b59d6b687d080/New%20Membership%20Database%20589902ab6b394aa2abb2588fb605bf45/Dream%20DAO%20Voting%20Member%20List%204f24600f5e2c4090a93e01c324cec328/Ibtehaj%20Esha%20972ae4c0e2ec4829bf328fbd43d3a7a8.md), Harry ThePlantBoi (../../../Evergreen%20Documents%20976d2984e99f4146b4283457a2303a7c/Evergreen%20Documents%20Database%20db1ccc6322ae474dba4b59d6b687d080/New%20Membership%20Database%20589902ab6b394aa2abb2588fb605bf45/Dream%20DAO%20Voting%20Member%20List%204f24600f5e2c4090a93e01c324cec328/Harry%20ThePlantBoi%20ca8ad7f8c31b41d79f265b856c179620.md), Amanda Garcia Maritan (../../../Evergreen%20Documents%20976d2984e99f4146b4283457a2303a7c/Evergreen%20Documents%20Database%20db1ccc6322ae474dba4b59d6b687d080/New%20Membership%20Database%20589902ab6b394aa2abb2588fb605bf45/Dream%20DAO%20Voting%20Member%20List%204f24600f5e2c4090a93e01c324cec328/Amanda%20Garcia%20Maritan%20dd6eaf138f244de980fea696f311e266.md), Keshav Gupta (../../../Evergreen%20Documents%20976d2984e99f4146b4283457a2303a7c/Evergreen%20Documents%20Database%20db1ccc6322ae474dba4b59d6b687d080/New%20Membership%20Database%20589902ab6b394aa2abb2588fb605bf45/Dream%20DAO%20Voting%20Member%20List%204f24600f5e2c4090a93e01c324cec328/Keshav%20Gupta%207b4ee94db41441d8acbe715a5d3f0f9e.md), Aayush Pursnani (../../../Evergreen%20Documents%20976d2984e99f4146b4283457a2303a7c/Evergreen%20Documents%20Database%20db1ccc6322ae474dba4b59d6b687d080/New%20Membership%20Database%20589902ab6b394aa2abb2588fb605bf45/Dream%20DAO%20Voting%20Member%20List%204f24600f5e2c4090a93e01c324cec328/Aayush%20Pursnani%20fc43ae7c3daa44dc9a6d3c478f970719.md), Jon Ruth (../../../Evergreen%20Documents%20976d2984e99f4146b4283457a2303a7c/Evergreen%20Documents%20Database%20db1ccc6322ae474dba4b59d6b687d080/New%20Membership%20Database%20589902ab6b394aa2abb2588fb605bf45/Dream%20DAO%20Voting%20Member%20List%204f24600f5e2c4090a93e01c324cec328/Jon%20Ruth%2049aa5b91670d416f98dd4fc058fb13de.md)","April 19, 2023",Learning Together,Paula Palermo,https://app.poap.xyz/admin/events/5bdream-dao5d-learning-together-23743a-impact-and-regenerative-finance-2023,https://app.butter.us/recording/6d993bb1-7714-4da0-99a8-a67d20aab2c8
Dream DAO Learning Together #75: “Web3 and Social Impact”,"Aaryan Chadha (../../../Evergreen%20Documents%20976d2984e99f4146b4283457a2303a7c/Evergreen%20Documents%20Database%20db1ccc6322ae474dba4b59d6b687d080/New%20Membership%20Database%20589902ab6b394aa2abb2588fb605bf45/Dream%20DAO%20Voting%20Member%20List%204f24600f5e2c4090a93e01c324cec328/Aaryan%20Chadha%20ef18f331f4d849fbb932a281a26d76ef.md), Amanda Garcia Maritan (../../../Evergreen%20Documents%20976d2984e99f4146b4283457a2303a7c/Evergreen%20Documents%20Database%20db1ccc6322ae474dba4b59d6b687d080/New%20Membership%20Database%20589902ab6b394aa2abb2588fb605bf45/Dream%20DAO%20Voting%20Member%20List%204f24600f5e2c4090a93e01c324cec328/Amanda%20Garcia%20Maritan%20dd6eaf138f244de980fea696f311e266.md), Rebeca Lissa  (../../../Evergreen%20Documents%20976d2984e99f4146b4283457a2303a7c/Evergreen%20Documents%20Database%20db1ccc6322ae474dba4b59d6b687d080/New%20Membership%20Database%20589902ab6b394aa2abb2588fb605bf45/Dream%20DAO%20Voting%20Member%20List%204f24600f5e2c4090a93e01c324cec328/Rebeca%20Lissa%20b23453bd7d01447ab570a34269660f4a.md), Thessy Mehrain (../../../Evergreen%20Documents%20976d2984e99f4146b4283457a2303a7c/Evergreen%20Documents%20Database%20db1ccc6322ae474dba4b59d6b687d080/New%20Membership%20Database%20589902ab6b394aa2abb2588fb605bf45/Dream%20DAO%20Voting%20Member%20List%204f24600f5e2c4090a93e01c324cec328/Thessy%20Mehrain%2028825259c2024202b89065290f300111.md), Almond Hernandez (../../../Evergreen%20Documents%20976d2984e99f4146b4283457a2303a7c/Evergreen%20Documents%20Database%20db1ccc6322ae474dba4b59d6b687d080/New%20Membership%20Database%20589902ab6b394aa2abb2588fb605bf45/Dream%20DAO%20Voting%20Member%20List%204f24600f5e2c4090a93e01c324cec328/Almond%20Hernandez%2036688c18aa254179a71a23dfb6ab02ee.md)","May 8, 2023",Learning Together,Almond Hdz,https://app.poap.xyz/admin/events/5bdream-dao5d-learning-together-23753a-web3-and-social-impact-2023,https://app.butter.us/recording/413047f8-b8f3-4419-a4bb-11f509216c00
Dream DAO learning Together #76: “Liberating Structures”,"Keshav Gupta (../../../Evergreen%20Documents%20976d2984e99f4146b4283457a2303a7c/Evergreen%20Documents%20Database%20db1ccc6322ae474dba4b59d6b687d080/New%20Membership%20Database%20589902ab6b394aa2abb2588fb605bf45/Dream%20DAO%20Voting%20Member%20List%204f24600f5e2c4090a93e01c324cec328/Keshav%20Gupta%207b4ee94db41441d8acbe715a5d3f0f9e.md), Harry ThePlantBoi (../../../Evergreen%20Documents%20976d2984e99f4146b4283457a2303a7c/Evergreen%20Documents%20Database%20db1ccc6322ae474dba4b59d6b687d080/New%20Membership%20Database%20589902ab6b394aa2abb2588fb605bf45/Dream%20DAO%20Voting%20Member%20List%204f24600f5e2c4090a93e01c324cec328/Harry%20ThePlantBoi%20ca8ad7f8c31b41d79f265b856c179620.md), Aaryan Chadha (../../../Evergreen%20Documents%20976d2984e99f4146b4283457a2303a7c/Evergreen%20Documents%20Database%20db1ccc6322ae474dba4b59d6b687d080/New%20Membership%20Database%20589902ab6b394aa2abb2588fb605bf45/Dream%20DAO%20Voting%20Member%20List%204f24600f5e2c4090a93e01c324cec328/Aaryan%20Chadha%20ef18f331f4d849fbb932a281a26d76ef.md)","May 18, 2023",Learning Together,Jeremy and Bruno,https://app.poap.xyz/admin/events/5bdream-dao5d-learning-together-763a-liberating-structures-2023,https://app.butter.us/recording/9ef121ec-94f5-4e9e-b59c-e898c79b451e
Dream DAO Learning Together #77: “Social Media and Marketing”,"Valeria Zambrano (../../../Evergreen%20Documents%20976d2984e99f4146b4283457a2303a7c/Evergreen%20Documents%20Database%20db1ccc6322ae474dba4b59d6b687d080/New%20Membership%20Database%20589902ab6b394aa2abb2588fb605bf45/Dream%20DAO%20Voting%20Member%20List%204f24600f5e2c4090a93e01c324cec328/Valeria%20Zambrano%20881d86409e274c9f8856ac2bae843c65.md), Maria Jose Cruz  (../../../Evergreen%20Documents%20976d2984e99f4146b4283457a2303a7c/Evergreen%20Documents%20Database%20db1ccc6322ae474dba4b59d6b687d080/New%20Membership%20Database%20589902ab6b394aa2abb2588fb605bf45/Dream%20DAO%20Voting%20Member%20List%204f24600f5e2c4090a93e01c324cec328/Maria%20Jose%20Cruz%206f28742331604bd7b71a1554a29d300b.md), Keshav Gupta (../../../Evergreen%20Documents%20976d2984e99f4146b4283457a2303a7c/Evergreen%20Documents%20Database%20db1ccc6322ae474dba4b59d6b687d080/New%20Membership%20Database%20589902ab6b394aa2abb2588fb605bf45/Dream%20DAO%20Voting%20Member%20List%204f24600f5e2c4090a93e01c324cec328/Keshav%20Gupta%207b4ee94db41441d8acbe715a5d3f0f9e.md), Ibtehaj Esha (../../../Evergreen%20Documents%20976d2984e99f4146b4283457a2303a7c/Evergreen%20Documents%20Database%20db1ccc6322ae474dba4b59d6b687d080/New%20Membership%20Database%20589902ab6b394aa2abb2588fb605bf45/Dream%20DAO%20Voting%20Member%20List%204f24600f5e2c4090a93e01c324cec328/Ibtehaj%20Esha%20972ae4c0e2ec4829bf328fbd43d3a7a8.md), Ankit Kumar (../../../Evergreen%20Documents%20976d2984e99f4146b4283457a2303a7c/Evergreen%20Documents%20Database%20db1ccc6322ae474dba4b59d6b687d080/New%20Membership%20Database%20589902ab6b394aa2abb2588fb605bf45/Dream%20DAO%20Voting%20Member%20List%204f24600f5e2c4090a93e01c324cec328/Ankit%20Kumar%20858d37d53ee0485a8c5c1ee827e0ea8e.md)","June 3, 2023",Learning Together,Ana Maria Caldera,https://app.poap.xyz/admin/events/5bdream-dao5d-learning-together-23773a-social-media-and-marketing-2023,https://app.butter.us/recording/c1572a6a-f55c-4242-877d-3f5e580b8515
Dream DAO Learning Together #78: “Web3 Hackathons”,"Arath Velasco (../../../Evergreen%20Documents%20976d2984e99f4146b4283457a2303a7c/Evergreen%20Documents%20Database%20db1ccc6322ae474dba4b59d6b687d080/New%20Membership%20Database%20589902ab6b394aa2abb2588fb605bf45/Dream%20DAO%20Voting%20Member%20List%204f24600f5e2c4090a93e01c324cec328/Arath%20Velasco%20d5ab06eb76df4d568e4d4eff94efe7a8.md), Amanda Garcia Maritan (../../../Evergreen%20Documents%20976d2984e99f4146b4283457a2303a7c/Evergreen%20Documents%20Database%20db1ccc6322ae474dba4b59d6b687d080/New%20Membership%20Database%20589902ab6b394aa2abb2588fb605bf45/Dream%20DAO%20Voting%20Member%20List%204f24600f5e2c4090a93e01c324cec328/Amanda%20Garcia%20Maritan%20dd6eaf138f244de980fea696f311e266.md), Keshav Gupta (../../../Evergreen%20Documents%20976d2984e99f4146b4283457a2303a7c/Evergreen%20Documents%20Database%20db1ccc6322ae474dba4b59d6b687d080/New%20Membership%20Database%20589902ab6b394aa2abb2588fb605bf45/Dream%20DAO%20Voting%20Member%20List%204f24600f5e2c4090a93e01c324cec328/Keshav%20Gupta%207b4ee94db41441d8acbe715a5d3f0f9e.md), Tarun Gupta (../../../Evergreen%20Documents%20976d2984e99f4146b4283457a2303a7c/Evergreen%20Documents%20Database%20db1ccc6322ae474dba4b59d6b687d080/New%20Membership%20Database%20589902ab6b394aa2abb2588fb605bf45/Dream%20DAO%20Voting%20Member%20List%204f24600f5e2c4090a93e01c324cec328/Tarun%20Gupta%207c30b0d905b04a6094f2b8aa61864f9c.md), G Sai Sri Prabhat (../../../Evergreen%20Documents%20976d2984e99f4146b4283457a2303a7c/Evergreen%20Documents%20Database%20db1ccc6322ae474dba4b59d6b687d080/New%20Membership%20Database%20589902ab6b394aa2abb2588fb605bf45/Dream%20DAO%20Voting%20Member%20List%204f24600f5e2c4090a93e01c324cec328/G%20Sai%20Sri%20Prabhat%20a7709e5237fa49e288ed62f8bc90ddee.md)","June 13, 2023",Learning Together,Lena Hierzi,https://app.poap.xyz/admin/events/5bdream-dao5d-learning-together-23783a-web3-hackathons-2023,https://app.butter.us/recording/43d9236c-08ff-4249-a934-5ab9beaede78
Dream DAO Learning Together #79: “A Novel Ideas Engine: Using DAOs to Scale Regenerative Systems”,"G Sai Sri Prabhat (../../../Evergreen%20Documents%20976d2984e99f4146b4283457a2303a7c/Evergreen%20Documents%20Database%20db1ccc6322ae474dba4b59d6b687d080/New%20Membership%20Database%20589902ab6b394aa2abb2588fb605bf45/Dream%20DAO%20Voting%20Member%20List%204f24600f5e2c4090a93e01c324cec328/G%20Sai%20Sri%20Prabhat%20a7709e5237fa49e288ed62f8bc90ddee.md), Amanda Garcia Maritan (../../../Evergreen%20Documents%20976d2984e99f4146b4283457a2303a7c/Evergreen%20Documents%20Database%20db1ccc6322ae474dba4b59d6b687d080/New%20Membership%20Database%20589902ab6b394aa2abb2588fb605bf45/Dream%20DAO%20Voting%20Member%20List%204f24600f5e2c4090a93e01c324cec328/Amanda%20Garcia%20Maritan%20dd6eaf138f244de980fea696f311e266.md), Ankit Kumar (../../../Evergreen%20Documents%20976d2984e99f4146b4283457a2303a7c/Evergreen%20Documents%20Database%20db1ccc6322ae474dba4b59d6b687d080/New%20Membership%20Database%20589902ab6b394aa2abb2588fb605bf45/Dream%20DAO%20Voting%20Member%20List%204f24600f5e2c4090a93e01c324cec328/Ankit%20Kumar%20858d37d53ee0485a8c5c1ee827e0ea8e.md), Fernando Cruz (../../../Evergreen%20Documents%20976d2984e99f4146b4283457a2303a7c/Evergreen%20Documents%20Database%20db1ccc6322ae474dba4b59d6b687d080/New%20Membership%20Database%20589902ab6b394aa2abb2588fb605bf45/Dream%20DAO%20Voting%20Member%20List%204f24600f5e2c4090a93e01c324cec328/Fernando%20Cruz%2054e5f6ad195747768e88228cb11be378.md), Aaryan Chadha (../../../Evergreen%20Documents%20976d2984e99f4146b4283457a2303a7c/Evergreen%20Documents%20Database%20db1ccc6322ae474dba4b59d6b687d080/New%20Membership%20Database%20589902ab6b394aa2abb2588fb605bf45/Dream%20DAO%20Voting%20Member%20List%204f24600f5e2c4090a93e01c324cec328/Aaryan%20Chadha%20ef18f331f4d849fbb932a281a26d76ef.md)","June 17, 2023",Learning Together,Kris Millar,https://app.poap.xyz/admin/events/dream-dao-learning-together-23793a-a-novel-ideas-engine3a-using-daos-to-scale-regenerative-systems-2023,https://app.butter.us/recording/61e07bc6-a583-45d0-8e37-e80a1c1187a7
Dream DAO Learning Together #80: “Impact DAOs”,"Clara Brown (../../../Evergreen%20Documents%20976d2984e99f4146b4283457a2303a7c/Evergreen%20Documents%20Database%20db1ccc6322ae474dba4b59d6b687d080/New%20Membership%20Database%20589902ab6b394aa2abb2588fb605bf45/Dream%20DAO%20Voting%20Member%20List%204f24600f5e2c4090a93e01c324cec328/Clara%20Brown%206fe286238a6f4ec795a2fa498656a31a.md), Valeria Zambrano (../../../Evergreen%20Documents%20976d2984e99f4146b4283457a2303a7c/Evergreen%20Documents%20Database%20db1ccc6322ae474dba4b59d6b687d080/New%20Membership%20Database%20589902ab6b394aa2abb2588fb605bf45/Dream%20DAO%20Voting%20Member%20List%204f24600f5e2c4090a93e01c324cec328/Valeria%20Zambrano%20881d86409e274c9f8856ac2bae843c65.md), Charlotte Bruderly (../../../Evergreen%20Documents%20976d2984e99f4146b4283457a2303a7c/Evergreen%20Documents%20Database%20db1ccc6322ae474dba4b59d6b687d080/New%20Membership%20Database%20589902ab6b394aa2abb2588fb605bf45/Dream%20DAO%20Voting%20Member%20List%204f24600f5e2c4090a93e01c324cec328/Charlotte%20Bruderly%2023b7450e0419405fbd4aa524257d2dcf.md), Shaan Patel (../../../Evergreen%20Documents%20976d2984e99f4146b4283457a2303a7c/Evergreen%20Documents%20Database%20db1ccc6322ae474dba4b59d6b687d080/New%20Membership%20Database%20589902ab6b394aa2abb2588fb605bf45/Dream%20DAO%20Voting%20Member%20List%204f24600f5e2c4090a93e01c324cec328/Shaan%20Patel%203499e10e26d04d5fbf089d36f019db67.md), Keshav Gupta (../../../Evergreen%20Documents%20976d2984e99f4146b4283457a2303a7c/Evergreen%20Documents%20Database%20db1ccc6322ae474dba4b59d6b687d080/New%20Membership%20Database%20589902ab6b394aa2abb2588fb605bf45/Dream%20DAO%20Voting%20Member%20List%204f24600f5e2c4090a93e01c324cec328/Keshav%20Gupta%207b4ee94db41441d8acbe715a5d3f0f9e.md), Joshua Santiago Cruz Pérez (../../../Evergreen%20Documents%20976d2984e99f4146b4283457a2303a7c/Evergreen%20Documents%20Database%20db1ccc6322ae474dba4b59d6b687d080/New%20Membership%20Database%20589902ab6b394aa2abb2588fb605bf45/Dream%20DAO%20Voting%20Member%20List%204f24600f5e2c4090a93e01c324cec328/Joshua%20Santiago%20Cruz%20Pe%CC%81rez%20ad3e7ae4b7754c40b6426f78f129d454.md), Archi Kanugo (../../../Evergreen%20Documents%20976d2984e99f4146b4283457a2303a7c/Evergreen%20Documents%20Database%20db1ccc6322ae474dba4b59d6b687d080/New%20Membership%20Database%20589902ab6b394aa2abb2588fb605bf45/Dream%20DAO%20Voting%20Member%20List%204f24600f5e2c4090a93e01c324cec328/Archi%20Kanugo%20bc642f772ead44fa96f898c45c5618e4.md)","July 8, 2023",Learning Together,deeparocks,,
Dream DAO Learning Together #82: “Carbon Credits x Blockchain”,,"August 15, 2023",Learning Together,Hayley Moller,,
Dream DAO Learning Together #81: “Building a Regenerative Ecosystem with Blockchain Technology”,,"July 29, 2023",Learning Together,Nikhil Raghuveera,,